Word,EN_1,ES_1,EN_2,ES_2,EN_3,ES_3
chess board,A chess board has 64 squares!,¡Un tablero de ajedrez tiene 64 casillas!,Chess board — black and white squares!,¡Tablero de ajedrez — casillas negras y blancas!,Penny loves to play on the chess board!,¡A Penny le encanta jugar en el tablero de ajedrez!
pawn,The pawn is the smallest piece!,¡El peón es la pieza más pequeña!,Pawns move forward — never backward!,¡Los peones avanzan — ¡nunca hacia atrás!,Penny loves the little pawn!,¡A Penny le encanta el pequeño peón!
knight,Knight! It jumps in an L shape!,¡Caballo! ¡Salta en forma de L!,The knight can jump over other pieces!,¡El caballo puede saltar sobre otras piezas!,Knights are angry — careful!,¡Los caballos están enojados — ¡cuidado!
queen,Queen! The most powerful piece!,¡Reina! ¡La pieza más poderosa!,The queen can move anywhere!,¡La reina puede moverse a cualquier lugar!,Penny wants to be the queen!,¡Penny quiere ser la reina!
king,King! Keep him safe!,¡Rey! ¡Mantenlo a salvo!,The king is the most important piece!,¡El rey es la pieza más importante!,Penny says — protect the king!,¡Penny dice — ¡protege al rey!
rook,Rook! It moves left and right and up and down!,¡Torre! ¡Se mueve a la izquierda y derecha y arriba y abajo!,The rook is shaped like a tower!,¡La torre tiene forma de castillo!,This penguin loves the rook!,¡A este pingüino le encanta la torre!
bishop,Bishop! It moves in a diagonal line!,¡Alfil! ¡Se mueve en línea diagonal!,The bishop always stays on one color!,¡El alfil siempre se queda en un solo color!,Penny's favorite piece is the bishop!,¡La pieza favorita de Penny es el alfil!
square,Square! Every chess board has 64 of them!,¡Casilla! ¡Cada tablero tiene 64!,Each piece stands on one square!,¡Cada pieza está en una casilla!,Penny's chess square is black!,¡La casilla de Penny es negra!
row,Row! It goes left and right!,¡Fila! ¡Va de izquierda a derecha!,A chess board has 8 rows!,¡Un tablero de ajedrez tiene 8 filas!,Penny counts every row on the board!,¡Penny cuenta cada fila del tablero!
column,Column! It goes up and down!,¡Columna! ¡Va de arriba a abajo!,A chess board has 8 columns!,¡Un tablero de ajedrez tiene 8 columnas!,Count the columns with Penny — eight!,¡Cuenta las columnas con Penny — ¡ocho!
living room,Living room — where the family is!,¡Sala — donde está la familia!,Sit and watch TV in the living room!,¡Siéntate a ver televisión en la sala!,Penny wants to sit on your sofa!,¡Penny quiere sentarse en tu sofá!
kitchen,Kitchen! This is where we cook food!,¡Cocina! ¡Aquí cocinamos la comida!,The kitchen smells so good!,¡La cocina huele tan rico!,Penny loves to eat in the kitchen!,¡A Penny le encanta comer en la cocina!
bathroom,Bathroom! Wash your hands!,¡Baño! ¡Lávate las manos!,Brush your teeth in the bathroom!,¡Cepíllate los dientes en el baño!,Even penguins wash their hands!,¡Hasta los pingüinos se lavan las manos!
bedroom,Bedroom! Time to sleep!,¡Dormitorio! ¡Hora de dormir!,The bedroom is where you rest!,¡El dormitorio es donde descansas!,Penny sleeps in a cold bedroom!,¡Penny duerme en un dormitorio frío!
dining room,Dining room — where the family eats!,¡Comedor — donde la familia come!,Sit at the table in the dining room!,¡Siéntate en la mesa del comedor!,Penny wants to eat at your table!,¡Penny quiere comer en tu mesa!
laundry room,Laundry room — for clean clothes!,¡Lavandería — para ropa limpia!,Wash your clothes in the laundry room!,¡Lava tu ropa en la lavandería!,Penny has no clothes to wash!,¡Penny no tiene ropa que lavar!
garden,Garden! Where flowers and plants grow!,¡Jardín! ¡Donde crecen flores y plantas!,Plants need sun and water to grow!,¡Las plantas necesitan sol y agua para crecer!,Penny likes to walk in the garden!,¡A Penny le gusta caminar en el jardín!
garage,Garage — where the car lives!,¡Garaje — donde vive el carro!,The car is in the garage!,¡El carro está en el garaje!,Penny does not have a car or a garage!,¡Penny no tiene carro ni garaje!
playroom,Playroom — time to play!,¡Cuarto de juegos — ¡hora de jugar!,Toys and games are in the playroom!,¡Los juguetes y juegos están en el cuarto de juegos!,Penny wants to play in your playroom!,¡Penny quiere jugar en tu cuarto de juegos!
office,Office — where grown-ups work!,¡Oficina — donde trabajan los adultos!,Computers are in the office!,¡Las computadoras están en la oficina!,Penny has an office in Antarctica!,¡Penny tiene una oficina en la Antártida!
hair,Hair! On top of your head!,¡Cabello! ¡En la cima de tu cabeza!,Your hair can be long or short!,¡Tu cabello puede ser largo o corto!,Penguins have no hair — only feathers!,¡Los pingüinos no tienen cabello — ¡solo plumas!
head,Head! Your brain is in there!,¡Cabeza! ¡Tu cerebro está adentro!,Nod your head yes!,¡Mueve la cabeza para decir sí!,Penny has a big round head!,¡Penny tiene una cabeza grande y redonda!
face,Face! Let me see your smile!,¡Cara! ¡Déjame ver tu sonrisa!,Your face has eyes and nose and mouth!,¡Tu cara tiene ojos y nariz y boca!,Penny has a cute black and white face!,¡Penny tiene una cara bonita en blanco y negro!
forehead,Forehead — right above your eyes!,¡Frente — justo encima de tus ojos!,Touch your forehead!,¡Toca tu frente!,A big kiss on your forehead!,¡Un gran beso en tu frente!
eyebrow,Eyebrow! Raise it up!,¡Ceja! ¡Levántala!,Your eyebrows are above your eyes!,¡Tus cejas están encima de tus ojos!,Penny raises one eyebrow when she is happy!,¡Penny levanta una ceja cuando está feliz!
eyelash,Eyelash! They protect your eyes!,¡Pestaña! ¡Protegen tus ojos!,Your eyelashes are long and beautiful!,¡Tus pestañas son largas y hermosas!,Penny has big beautiful eyelashes!,¡Penny tiene pestañas grandes y hermosas!
eye,Eye! Can you see me?,¡Ojo! ¿Me puedes ver?,You have two eyes — left and right!,¡Tienes dos ojos — izquierdo y derecho!,Penny has big round eyes!,¡Penny tiene ojos grandes y redondos!
ear,Ear! Can you hear me?,¡Oreja! ¿Me puedes escuchar?,You have two ears!,¡Tienes dos orejas!,Penguins have very good ears!,¡Los pingüinos tienen muy buenos oídos!
nose,Nose! What do you smell?,¡Nariz! ¿Qué hueles?,Your nose is in the middle of your face!,¡Tu nariz está en el centro de tu cara!,Penny has a yellow nose — like a beak!,¡Penny tiene una nariz amarilla — como un pico!
cheek,Cheek! Touch your cheek!,¡Mejilla! ¡Toca tu mejilla!,You have two cheeks — left and right!,¡Tienes dos mejillas — izquierda y derecha!,Penny has pink cheeks!,¡Penny tiene mejillas rosadas!
mouth,Mouth! Say the word again!,¡Boca! ¡Di la palabra de nuevo!,Open your mouth big!,¡Abre la boca bien grande!,Penny opens her mouth to eat fish!,¡Penny abre la boca para comer pescado!
lips,Lips! Touch your lips!,¡Labios! ¡Toca tus labios!,Your lips help you talk and eat!,¡Tus labios te ayudan a hablar y comer!,Penny has orange lips!,¡Penny tiene labios anaranjados!
teeth,Teeth! Brush them every day!,¡Dientes! ¡Cepíllalos todos los días!,Brush your teeth two times a day!,¡Cepíllate los dientes dos veces al día!,Penny says — brush your teeth!,¡Penny dice — ¡cepíllate los dientes!
tongue,Tongue! Stick it out!,¡Lengua! ¡Sácala!,Your tongue helps you taste food!,¡Tu lengua te ayuda a saborear la comida!,Penny uses her tongue to eat fish!,¡Penny usa su lengua para comer pescado!
chin,Chin! At the bottom of your face!,¡Mentón! ¡En la parte baja de tu cara!,Touch your chin!,¡Toca tu mentón!,Penny has a white chin!,¡Penny tiene un mentón blanco!
neck,Neck! It holds your head up!,¡Cuello! ¡Sostiene tu cabeza!,Turn your neck left and right!,¡Gira el cuello a la izquierda y a la derecha!,Penny has a short neck!,¡Penny tiene un cuello corto!
shoulder,Shoulder! Touch your shoulder!,¡Hombro! ¡Toca tu hombro!,You have two shoulders!,¡Tienes dos hombros!,Penny carries fish on her shoulder!,¡Penny carga pescado en su hombro!
chest,Chest! Your heart is inside!,¡Pecho! ¡Tu corazón está adentro!,Put your hand on your chest!,¡Pon la mano en el pecho!,Penny has a big white chest!,¡Penny tiene un pecho grande y blanco!
arm,Arm! Move it up and down!,¡Brazo! ¡Muévelo hacia arriba y hacia abajo!,Wave your arm — hello!,¡Mueve tu brazo — ¡hola!,Penny's arms are her wings!,¡Los brazos de Penny son sus alas!
elbow,Elbow! Bend your arm!,¡Codo! ¡Dobla el brazo!,Touch your elbow!,¡Toca tu codo!,Penny bends her elbow to swim fast!,¡Penny dobla el codo para nadar rápido!
stomach,Stomach! Are you hungry?,¡Estómago! ¿Tienes hambre?,Pat your stomach!,¡Date una palmadita en el estómago!,Penny's stomach is always hungry for fish!,¡El estómago de Penny siempre tiene hambre de pescado!
wrist,Wrist! Turn it around!,¡Muñeca! ¡Gírala!,The wrist connects your hand and arm!,¡La muñeca conecta la mano y el brazo!,Penny's wrist helps her swim!,¡La muñeca de Penny la ayuda a nadar!
hand,Hand! Give me a high five!,¡Mano! ¡Chócala!,You have two hands — left and right!,¡Tienes dos manos — izquierda y derecha!,Penny has wings instead of hands!,¡Penny tiene alas en vez de manos!
thumb,Thumbs up — great job!,¡Pulgar arriba — ¡buen trabajo!,The thumb is the big finger!,¡El pulgar es el dedo grande!,Give Penny a thumbs up!,¡Dale un pulgar arriba a Penny!
finger,Finger! How many do you have?,¡Dedo! ¿Cuántos tienes?,You have ten fingers — count them!,¡Tienes diez dedos — ¡cuéntalos!,Penny has no fingers — only wings!,¡Penny no tiene dedos — solo alas!
leg,Leg! Kick it up!,¡Pierna! ¡Levántala!,Stand on one leg — can you?,¡Párate en una pierna — ¿puedes?,Penny has short legs but swims fast!,¡Penny tiene piernas cortas pero nada rápido!
knee,Knee! Touch your knee!,¡Rodilla! ¡Toca tu rodilla!,The knee is in the middle of your leg!,¡La rodilla está en el medio de la pierna!,Penny bends her knee to sit down!,¡Penny dobla la rodilla para sentarse!
foot,Foot! Stomp it!,¡Pie! ¡Golpéalo!,You have two feet — left and right!,¡Tienes dos pies — izquierdo y derecho!,Penny has big orange feet!,¡Penny tiene pies grandes y anaranjados!
toe,Toe! Wiggle them!,¡Dedo del pie! ¡Muévelos!,You have five toes on each foot!,¡Tienes cinco dedos en cada pie!,Penny has orange toes!,¡Penny tiene dedos del pie anaranjados!
back,Back! Stand up straight!,¡Espalda! ¡Párense derecho!,Your back holds you up all day!,¡Tu espalda te sostiene todo el día!,Penny has a black back!,¡Penny tiene una espalda negra!
butt,Butt! Sit down on it!,¡Trasero! ¡Siéntate en él!,Everyone has a butt!,¡Todo el mundo tiene trasero!,Penny sits on her butt on the ice!,¡Penny se sienta en su trasero sobre el hielo!
pizza,Pizza! I love cheese!,¡Pizza! ¡Me encanta el queso!,Pizza is red and yellow and delicious!,¡La pizza es roja y amarilla y deliciosa!,Penny wants pizza right now!,¡Penny quiere pizza ahora mismo!
hamburgers,Hamburger! Meat inside a bun!,¡Hamburguesa! ¡Carne dentro de un pan!,Big and delicious hamburger!,¡Grande y deliciosa hamburguesa!,Penny loves hamburgers!,¡A Penny le encantan las hamburguesas!
french fries,French fries! Hot and golden!,¡Papas fritas! ¡Calientes y doradas!,French fries are made from potatoes!,¡Las papas fritas se hacen con papas!,Penny eats french fries with ketchup!,¡Penny come papas fritas con ketchup!
fried chicken,Fried chicken! Hot and golden!,¡Pollo frito! ¡Caliente y dorado!,Crispy fried chicken — so good!,¡Pollo frito crujiente — ¡muy rico!,This penguin loves fried chicken!,¡A este pingüino le encanta el pollo frito!
soda,Soda! Sweet and cold!,¡Refresco! ¡Dulce y frío!,Soda has bubbles!,¡El refresco tiene burbujas!,Penny's favorite soda is orange!,¡El refresco favorito de Penny es de naranja!
potato chips,Potato chips! So salty!,¡Papitas! ¡Tan saladas!,Crunch crunch — potato chips!,¡Crunch crunch — ¡papitas!,Penny loves potato chips!,¡A Penny le encantan las papitas!
candy,Candy! Red and yellow and green!,¡Dulces! ¡Rojos y amarillos y verdes!,Candy is very sweet!,¡Los dulces son muy dulces!,Penny's favorite candy is red!,¡El dulce favorito de Penny es rojo!
cupcakes,Cupcakes! Little cakes for you!,¡Pastelitos! ¡Pequeños pasteles para ti!,Pink and yellow cupcakes!,¡Pastelitos rosados y amarillos!,Penny baked cupcakes for you!,¡Penny horneó pastelitos para ti!
ice cream,Ice cream! Penguins love vanilla!,¡Helado! ¡A los pingüinos les encanta la vainilla!,Cold and sweet ice cream!,¡Helado frío y dulce!,What color is your ice cream?,¿De qué color es tu helado?
milkshakes,This penguin does not like milkshakes!,¡A este pingüino no le gustan los batidos!,Milkshake! Cold and sweet!,¡Batido! ¡Frío y dulce!,Do you like chocolate milkshake?,¿Te gusta el batido de chocolate?
hot dogs,Hot dog! Hot and delicious!,¡Hot dog! ¡Caliente y delicioso!,A hot dog inside a bun!,¡Un hot dog dentro de un pan!,Penny loves hot dogs!,¡A Penny le encantan los hot dogs!
chocolate bars,Chocolate! So sweet!,¡Chocolate! ¡Tan dulce!,Dark chocolate or milk chocolate?,¿Chocolate oscuro o chocolate con leche?,Penny's favorite food is chocolate!,¡La comida favorita de Penny es el chocolate!
donuts,Donut! Round with a hole!,¡Dona! ¡Redonda con un hoyo!,Pink donut with rainbow sprinkles!,¡Dona rosada con chispas de colores!,Penny eats a donut every morning!,¡Penny come una dona cada mañana!
popcorn,Popcorn! White and salty!,¡Palomitas! ¡Blancas y saladas!,Pop pop pop — popcorn!,¡Pop pop pop — ¡palomitas!,Penny eats popcorn at the movies!,¡Penny come palomitas en el cine!
cake,Cake! Is it your birthday?,¡Pastel! ¿Es tu cumpleaños?,Pink cake with candles!,¡Pastel rosado con velas!,Penny made you a birthday cake!,¡Penny te hizo un pastel de cumpleaños!
nuggets,Nuggets! Small and golden!,¡Nuggets! ¡Pequeños y dorados!,Nuggets are small pieces of chicken!,¡Los nuggets son pequeños trozos de pollo!,Penny dips nuggets in ketchup!,¡Penny moja los nuggets en ketchup!
pancakes,Pancakes! Soft and warm!,¡Panqueques! ¡Suaves y calientitos!,Pancakes with honey and butter!,¡Panqueques con miel y mantequilla!,Penny eats ten pancakes for breakfast!,¡Penny come diez panqueques en el desayuno!
cotton candy,Cotton candy! Pink and sweet!,¡Algodón de azúcar! ¡Rosado y dulce!,Soft and sweet cotton candy!,¡Algodón de azúcar suave y dulce!,Penny loves pink cotton candy!,¡A Penny le encanta el algodón de azúcar rosado!
gum,Gum! Chew chew chew!,¡Chicle! ¡Mastica mastica mastica!,Gum — do not swallow it!,¡Chicle — ¡no lo tragues!,Penny chews gum all day!,¡Penny mastica chicle todo el día!
lollipops,Lollipop! Sweet on a stick!,¡Paleta! ¡Dulce en un palito!,Red and orange and green lollipops!,¡Paletas rojas y anaranjadas y verdes!,Penny's favorite lollipop is red!,¡La paleta favorita de Penny es roja!
gummy bears,Gummy bears! Red and green and yellow!,¡Ositos de goma! ¡Rojos y verdes y amarillos!,Soft and sweet gummy bears!,¡Ositos de goma suaves y dulces!,Penny eats gummy bears every day!,¡Penny come ositos de goma todos los días!
marshmallows,Marshmallows! Soft and white!,¡Malvaviscos! ¡Suaves y blancos!,Marshmallows are sweet and soft!,¡Los malvaviscos son dulces y suaves!,Penny loves white marshmallows — like snow!,¡A Penny le encantan los malvaviscos blancos — ¡como la nieve!
popsicles,Popsicle! Cold on a stick!,¡Paleta de hielo! ¡Fría en un palito!,Red and orange and green popsicles!,¡Paletas de hielo rojas y anaranjadas y verdes!,Penny loves cold popsicles!,¡A Penny le encantan las paletas de hielo frías!
brownies,Brownie! Dark and sweet!,¡Brownie! ¡Oscuro y dulce!,Chocolate brownies — so good!,¡Brownies de chocolate — ¡tan ricos!,Penny made chocolate brownies!,¡Penny hizo brownies de chocolate!
onion rings,Onion rings! Round and hot!,¡Aros de cebolla! ¡Redondos y calientes!,Golden onion rings!,¡Aros de cebolla dorados!,Penny eats onion rings on Fridays!,¡Penny come aros de cebolla los viernes!
corn dogs,Corn dog! Meat on a stick!,¡Perro en maíz! ¡Carne en un palito!,Yellow corn dog — so delicious!,¡Perro en maíz amarillo — ¡tan delicioso!,Penny loves corn dogs at the park!,¡A Penny le encantan los perros en maíz en el parque!
cookies,Cookies! Brown and sweet!,¡Galletas! ¡Marrones y dulces!,Big chocolate chip cookies!,¡Grandes galletas de chispas de chocolate!,Penny baked cookies for you!,¡Penny horneó galletas para ti!
pretzels,Pretzel! Brown and salty!,¡Pretzel! ¡Marrón y salado!,Salty pretzels — so good!,¡Pretzels salados — ¡tan ricos!,Penny eats pretzels every day!,¡Penny come pretzels todos los días!
syrup,Syrup! Sweet and golden!,¡Jarabe! ¡Dulce y dorado!,Put sweet syrup on your pancakes!,¡Ponle jarabe dulce a tus panqueques!,Penny puts syrup on everything!,¡Penny le pone jarabe a todo!
whipped cream,Whipped cream! White and sweet!,¡Crema batida! ¡Blanca y dulce!,Put whipped cream on top!,¡Pon crema batida encima!,Penny puts whipped cream on her fish!,¡Penny le pone crema batida a su pescado!
apple,Apple! Red or green or yellow!,¡Manzana! ¡Roja o verde o amarilla!,One apple a day is good for you!,¡Una manzana al día es buena para ti!,Penny gives you a red apple!,¡Penny te da una manzana roja!
banana,Banana! Yellow and sweet!,¡Plátano! ¡Amarillo y dulce!,Peel the banana and eat it!,¡Pela el plátano y cómelo!,Penny loves yellow bananas!,¡A Penny le encantan los plátanos amarillos!
orange,Orange! The color and the fruit!,¡Naranja! ¡El color y la fruta!,Peel the orange and eat it!,¡Pela la naranja y cómela!,Penny's beak is orange — like an orange!,¡El pico de Penny es anaranjado — ¡como una naranja!
grape,Grape! Small and sweet!,¡Uva! ¡Pequeña y dulce!,Grapes are green or purple!,¡Las uvas son verdes o moradas!,Penny eats green grapes!,¡Penny come uvas verdes!
pear,Pear! Green and sweet!,¡Pera! ¡Verde y dulce!,The pear is green and yellow!,¡La pera es verde y amarilla!,Penny has a pear for breakfast!,¡Penny tiene una pera para el desayuno!
strawberry,Strawberry! Red and sweet!,¡Fresa! ¡Roja y dulce!,Strawberries are red!,¡Las fresas son rojas!,Penny loves red strawberries!,¡A Penny le encantan las fresas rojas!
mango,Mango! Orange and sweet!,¡Mango! ¡Anaranjado y dulce!,Mango is yellow and orange inside!,¡El mango es amarillo y anaranjado por dentro!,Penny eats mango in the summer!,¡Penny come mango en el verano!
watermelon,Watermelon! Green outside and red inside!,¡Sandía! ¡Verde por fuera y roja por dentro!,Watermelon is red and sweet!,¡La sandía es roja y dulce!,Penny loves cold watermelon!,¡A Penny le encanta la sandía fría!
pineapple,Pineapple! Yellow inside!,¡Piña! ¡Amarilla por dentro!,Pineapple is yellow and sweet!,¡La piña es amarilla y dulce!,Penny eats pineapple on the beach!,¡Penny come piña en la playa!
water,Water! Drink water every day!,¡Agua! ¡Bebe agua todos los días!,Water is good for you!,¡El agua es buena para ti!,Penny drinks cold water every day!,¡Penny bebe agua fría todos los días!
orange juice,Orange juice! Sweet and orange!,¡Jugo de naranja! ¡Dulce y anaranjado!,Orange juice comes from oranges!,¡El jugo de naranja viene de las naranjas!,Penny drinks orange juice every morning!,¡Penny toma jugo de naranja cada mañana!
yogurt,Yogurt! White and good for you!,¡Yogur! ¡Blanco y bueno para ti!,Yogurt is sweet and cold!,¡El yogur es dulce y frío!,Penny's favorite yogurt is vanilla!,¡El yogur favorito de Penny es de vainilla!
bread,Bread! Brown or white!,¡Pan! ¡Marrón o blanco!,Eat bread for breakfast!,¡Come pan en el desayuno!,Penny puts butter on her bread!,¡Penny le pone mantequilla a su pan!
cereal,Cereal! With cold milk!,¡Cereal! ¡Con leche fría!,Eat cereal with milk every morning!,¡Come cereal con leche cada mañana!,Penny's favorite cereal is yellow!,¡El cereal favorito de Penny es amarillo!
coffee,Coffee! That is for big people!,¡Café! ¡Eso es para los grandes!,Coffee is hot and brown!,¡El café es caliente y marrón!,Penny does not drink coffee — she is too young!,¡Penny no toma café — ¡es muy joven!
milk,Milk! White and cold!,¡Leche! ¡Blanca y fría!,Drink milk — it is good for your bones!,¡Bebe leche — ¡es buena para tus huesos!,Penny drinks two glasses of milk every day!,¡Penny toma dos vasos de leche todos los días!
honey,Honey! Sweet and golden!,¡Miel! ¡Dulce y dorada!,Bees make honey!,¡Las abejas hacen la miel!,Penny puts honey on everything!,¡Penny le pone miel a todo!
sugar,Sugar! Very sweet!,¡Azúcar! ¡Muy dulce!,Sugar makes things sweet!,¡El azúcar hace las cosas dulces!,Penny puts sugar in her tea!,¡Penny le pone azúcar a su té!
toast,Toast! Hot and crunchy!,¡Tostada! ¡Caliente y crujiente!,Put butter on your toast!,¡Ponle mantequilla a tu tostada!,Penny eats two pieces of toast!,¡Penny come dos tostadas!
butter,Butter! Yellow and soft!,¡Mantequilla! ¡Amarilla y suave!,Butter goes on bread and toast!,¡La mantequilla va en el pan y la tostada!,Penny loves butter on everything!,¡A Penny le encanta la mantequilla en todo!
jelly,Jelly! Red or purple or orange!,¡Mermelada! ¡Roja o morada o anaranjada!,Put jelly on your bread!,¡Ponle mermelada a tu pan!,Penny loves strawberry jelly!,¡A Penny le encanta la mermelada de fresa!
oatmeal,Oatmeal! Hot and good for you!,¡Avena! ¡Caliente y buena para ti!,Eat oatmeal with honey!,¡Come avena con miel!,Penny eats oatmeal every morning!,¡Penny come avena cada mañana!
avocado,Avocado! Green and creamy!,¡Aguacate! ¡Verde y cremoso!,Avocado is green inside!,¡El aguacate es verde por dentro!,Penny puts avocado on her toast!,¡Penny pone aguacate en su tostada!
cheese,Cheese! Yellow and delicious!,¡Queso! ¡Amarillo y delicioso!,Cheese is yellow or white!,¡El queso es amarillo o blanco!,Penny loves yellow cheese!,¡A Penny le encanta el queso amarillo!
sunny,Sunny! The sun is yellow!,¡Soleado! ¡El sol es amarillo!,A sunny day is hot and bright!,¡Un día soleado es caliente y brillante!,Penny loves sunny days at the beach!,¡A Penny le encantan los días soleados en la playa!
cloudy,Cloudy! Gray and white clouds!,¡Nublado! ¡Nubes grises y blancas!,Clouds are white and gray!,¡Las nubes son blancas y grises!,Penny loves cloudy and cold days!,¡A Penny le encantan los días nublados y fríos!
stormy,Stormy! Stay inside!,¡Tormentoso! ¡Quédate adentro!,A storm has rain and thunder!,¡Una tormenta tiene lluvia y truenos!,Penny is scared of storms!,¡Penny tiene miedo de las tormentas!
windy,Windy! The wind is strong!,¡Ventoso! ¡El viento es fuerte!,Hold on — the wind is strong!,¡Agárrate — ¡el viento es fuerte!,The wind blows Penny's hat away!,¡El viento se lleva el sombrero de Penny!
rainy,Rainy! Get your umbrella!,¡Lluvioso! ¡Agarra tu paraguas!,It is raining — the sky is gray!,¡Está lloviendo — el cielo está gris!,Penny loves the rain — she is a water bird!,¡A Penny le encanta la lluvia — ¡es un ave acuática!
snowy,Snowy! White snow everywhere!,¡Nevado! ¡Nieve blanca por todas partes!,Snow is white and cold!,¡La nieve es blanca y fría!,Penny lives in the snow — Antarctica!,¡Penny vive en la nieve — ¡la Antártida!
dog,Dog! Woof woof!,¡Perro! ¡Guau guau!,Dogs are happy and friendly!,¡Los perros son felices y amigables!,Penny wants a pet dog!,¡Penny quiere un perro como mascota!
cat,Cat! Meow!,¡Gato! ¡Miau!,Cats are soft and quiet!,¡Los gatos son suaves y tranquilos!,Penny and the cat are best friends!,¡Penny y el gato son mejores amigos!
guinea pig,Guinea pig! Small and soft!,¡Cobayo! ¡Pequeño y suave!,Guinea pigs are small and friendly!,¡Los cobayos son pequeños y amigables!,Penny has a pet guinea pig!,¡Penny tiene un cobayo de mascota!
rabbit,Rabbit! Hop hop hop!,¡Conejo! ¡Hop hop hop!,Rabbits have long ears!,¡Los conejos tienen orejas largas!,Penny hops like a rabbit!,¡Penny salta como un conejo!
chicken,Chicken! Cluck cluck!,¡Gallina! ¡Cloc cloc!,Chickens are yellow and white!,¡Las gallinas son amarillas y blancas!,Penny is a bird — just like a chicken!,¡Penny es un ave — ¡igual que una gallina!
bird,Bird! Tweet tweet!,¡Pájaro! ¡Pío pío!,Birds are red and blue and yellow!,¡Los pájaros son rojos y azules y amarillos!,Penny is a bird too!,¡Penny también es un pájaro!
parrot,Parrot! Green and red and blue!,¡Loro! ¡Verde y rojo y azul!,Parrots copy what you say!,¡Los loros copian lo que dices!,Penny and the parrot both have beaks!,¡Penny y el loro tienen pico!
fish,Fish! Blue and red and orange!,¡Pez! ¡Azul y rojo y anaranjado!,Fish live in the water!,¡Los peces viven en el agua!,Fish is Penny's favorite food!,¡El pescado es la comida favorita de Penny!
turtle,Turtle! Green and slow!,¡Tortuga! ¡Verde y lenta!,Turtles are slow but happy!,¡Las tortugas son lentas pero felices!,Penny swims faster than a turtle!,¡Penny nada más rápido que una tortuga!
tiger,Tiger! Orange with black stripes!,¡Tigre! ¡Anaranjado con rayas negras!,Tigers are orange and black and white!,¡Los tigres son anaranjados y negros y blancos!,Penny is scared of the tiger!,¡Penny tiene miedo del tigre!
lion,Lion! Big and yellow!,¡León! ¡Grande y amarillo!,Lions are big and strong!,¡Los leones son grandes y fuertes!,Penny and the lion are not friends!,¡Penny y el león no son amigos!
monkey,Monkey! Brown and funny!,¡Mono! ¡Marrón y chistoso!,Monkeys love to climb and jump!,¡A los monos les encanta trepar y saltar!,Penny and the monkey are best friends!,¡Penny y el mono son mejores amigos!
dolphin,Dolphin! Gray and fast!,¡Delfín! ¡Gris y rápido!,Dolphins swim fast and jump high!,¡Los delfines nadan rápido y saltan alto!,Penny and the dolphin race in the water!,¡Penny y el delfín compiten en el agua!
crocodile,Crocodile! Green and scary!,¡Cocodrilo! ¡Verde y aterrador!,Crocodiles have big teeth — careful!,¡Los cocodrilos tienen dientes grandes — ¡cuidado!,Penny runs away from the crocodile!,¡Penny corre lejos del cocodrilo!
elephant,Elephant! Big and gray!,¡Elefante! ¡Grande y gris!,Elephants are big and gray!,¡Los elefantes son grandes y grises!,Penny sits on the elephant!,¡Penny se sienta en el elefante!
zebra,Zebra! Black and white stripes!,¡Cebra! ¡Rayas negras y blancas!,Zebras are black and white — like Penny!,¡Las cebras son negras y blancas — ¡como Penny!,Penny and the zebra are the same colors!,¡Penny y la cebra son del mismo color!
bear,Bear! Big and brown!,¡Oso! ¡Grande y marrón!,Bears are big and strong!,¡Los osos son grandes y fuertes!,Penny is scared of the big bear!,¡Penny tiene miedo del gran oso!
giraffe,Giraffe! Tall with a long neck!,¡Jirafa! ¡Alta con un cuello largo!,Giraffes are yellow and brown!,¡Las jirafas son amarillas y marrones!,Penny wants to be tall like the giraffe!,¡Penny quiere ser alta como la jirafa!
penguin,Penguin! That is me!,¡Pingüino! ¡Ese soy yo!,Penguins are black and white!,¡Los pingüinos son negros y blancos!,Penny is a penguin — hello!,¡Penny es una pingüina — ¡hola!
polar bear,Polar bear! White and big!,¡Oso polar! ¡Blanco y grande!,Polar bears are white and live in the snow!,¡Los osos polares son blancos y viven en la nieve!,Penny and the polar bear are cold neighbors!,¡Penny y el oso polar son vecinos en el frío!
hippo,Hippo! Big and gray!,¡Hipopótamo! ¡Grande y gris!,Hippos are big and gray and live in water!,¡Los hipopótamos son grandes y grises y viven en el agua!,Penny swims with the hippo!,¡Penny nada con el hipopótamo!
snake,Snake! Green and long!,¡Serpiente! ¡Verde y larga!,Snakes are long and have no legs!,¡Las serpientes son largas y no tienen patas!,Penny is scared of snakes!,¡Penny tiene miedo de las serpientes!
kangaroo,Kangaroo! Hop hop hop!,¡Canguro! ¡Hop hop hop!,Kangaroos are brown and jump very high!,¡Los canguros son marrones y saltan muy alto!,Penny jumps like a kangaroo!,¡Penny salta como un canguro!
shark,Shark! Gray and fast!,¡Tiburón! ¡Gris y rápido!,Sharks are gray and live in the ocean!,¡Los tiburones son grises y viven en el océano!,Penny swims away from the shark — fast!,¡Penny nada lejos del tiburón — ¡rápido!
pig,Pig! Pink and round!,¡Cerdo! ¡Rosado y redondo!,Pigs are pink and say oink!,¡Los cerdos son rosados y dicen oink!,Penny is not a pig — she is a penguin!,¡Penny no es un cerdo — ¡es una pingüina!
sheep,Sheep! White and soft!,¡Oveja! ¡Blanca y suave!,Sheep are white and say baa!,¡Las ovejas son blancas y dicen bee!,Penny is white — just like a sheep!,¡Penny es blanca — ¡igual que una oveja!
cow,Cow! Black and white and big!,¡Vaca! ¡Negra y blanca y grande!,Cows give us milk!,¡Las vacas nos dan leche!,Penny drinks the cow's milk!,¡Penny toma la leche de la vaca!
duck,Duck! Yellow and small!,¡Pato! ¡Amarillo y pequeño!,Ducks are yellow and they swim!,¡Los patos son amarillos y nadan!,Penny swims faster than the duck!,¡Penny nada más rápido que el pato!
hen,Hen! Red and brown!,¡Gallina! ¡Roja y marrón!,The hen is a girl chicken!,¡La gallina es un pollo hembra!,Penny and the hen are both birds!,¡Penny y la gallina son las dos aves!
horse,Horse! Brown and fast!,¡Caballo! ¡Marrón y rápido!,Horses are brown and run fast!,¡Los caballos son marrones y corren rápido!,Penny rides the horse!,¡Penny monta el caballo!
goat,Goat! White and small!,¡Cabra! ¡Blanca y pequeña!,Goats are white and climb rocks!,¡Las cabras son blancas y escalan rocas!,Penny and the goat are friends!,¡Penny y la cabra son amigas!
rooster,Rooster! Red and loud!,¡Gallo! ¡Rojo y ruidoso!,The rooster wakes up early!,¡El gallo se despierta temprano!,The rooster wakes up Penny every morning!,¡El gallo despierta a Penny cada mañana!
ruler,Ruler! Long and straight!,¡Regla! ¡Larga y recta!,Use a ruler to draw a straight line!,¡Usa una regla para trazar una línea recta!,Penny uses a ruler in school!,¡Penny usa una regla en la escuela!
book,Book! Open it and read!,¡Libro! ¡Ábrelo y lee!,Books have words and pictures!,¡Los libros tienen palabras e imágenes!,Penny reads a book every night!,¡Penny lee un libro cada noche!
notebook,Notebook! Write in it!,¡Cuaderno! ¡Escribe en él!,Write your words in the notebook!,¡Escribe tus palabras en el cuaderno!,Penny has a pink notebook!,¡Penny tiene un cuaderno rosado!
pen,Pen! Write with it!,¡Bolígrafo! ¡Escribe con él!,A pen writes in blue or black!,¡Un bolígrafo escribe en azul o negro!,Penny uses a blue pen to write!,¡Penny usa un bolígrafo azul para escribir!
pencil,Pencil! Write and erase!,¡Lápiz! ¡Escribe y borra!,A pencil is yellow!,¡Un lápiz es amarillo!,Penny writes with a yellow pencil!,¡Penny escribe con un lápiz amarillo!
crayon,Crayon! Draw with colors!,¡Crayón! ¡Dibuja con colores!,Crayons come in every color!,¡Los crayones vienen en todos los colores!,Penny draws with a pink crayon!,¡Penny dibuja con un crayón rosado!
eraser,Eraser! No problem — erase it!,¡Borrador! ¡Sin problema — bórralo!,Use the eraser to fix your mistake!,¡Usa el borrador para corregir tu error!,Penny erases with a big eraser!,¡Penny borra con un borrador grande!
desk,Desk! Sit and work!,¡Escritorio! ¡Siéntate y trabaja!,Put your book on the desk!,¡Pon tu libro en el escritorio!,Penny's desk is clean and organized!,¡El escritorio de Penny está limpio y organizado!
chair,Chair! Sit down!,¡Silla! ¡Siéntate!,Sit in your chair and learn!,¡Siéntate en tu silla y aprende!,Penny sits in a blue chair!,¡Penny se sienta en una silla azul!
backpack,Backpack! For your school things!,¡Mochila! ¡Para tus cosas de la escuela!,Put your books in your backpack!,¡Pon tus libros en la mochila!,Penny has a pink backpack!,¡Penny tiene una mochila rosada!
glue,Glue! Stick it!,¡Pegamento! ¡Pégalo!,Glue sticks things together!,¡El pegamento une las cosas!,Penny uses glue to make art!,¡Penny usa pegamento para hacer arte!
triangle,Triangle! Three sides!,¡Triángulo! ¡Tres lados!,A triangle has three sides and three corners!,¡Un triángulo tiene tres lados y tres esquinas!,Penny draws a triangle!,¡Penny dibuja un triángulo!
circle,Circle! Round like the sun!,¡Círculo! ¡Redondo como el sol!,A circle is round — no corners!,¡Un círculo es redondo — ¡sin esquinas!,Penny draws circles all day!,¡Penny dibuja círculos todo el día!
square,Square! Four equal sides!,¡Cuadrado! ¡Cuatro lados iguales!,A square has four sides — all the same!,¡Un cuadrado tiene cuatro lados — ¡todos iguales!,Penny's house is a square!,¡La casa de Penny es un cuadrado!
rectangle,Rectangle! Long and wide!,¡Rectángulo! ¡Largo y ancho!,A rectangle has two long and two short sides!,¡Un rectángulo tiene dos lados largos y dos cortos!,Penny's door is a rectangle!,¡La puerta de Penny es un rectángulo!
star,Star! Five points!,¡Estrella! ¡Cinco puntas!,Stars have five points!,¡Las estrellas tienen cinco puntas!,Penny is a star!,¡Penny es una estrella!
diamond,Diamond! Like a square on its side!,¡Rombo! ¡Como un cuadrado de lado!,A diamond has four sides!,¡Un rombo tiene cuatro lados!,Penny loves diamonds!,¡A Penny le encantan los diamantes!
pentagon,Pentagon! Five sides!,¡Pentágono! ¡Cinco lados!,A pentagon has five sides!,¡Un pentágono tiene cinco lados!,Penny draws a pentagon!,¡Penny dibuja un pentágono!
oval,Oval! Like a big egg!,¡Óvalo! ¡Como un huevo grande!,An oval is round but not a circle!,¡Un óvalo es redondo pero no es un círculo!,Penny's egg is oval!,¡El huevo de Penny es un óvalo!
heart,Heart! I love you!,¡Corazón! ¡Te quiero!,A heart is pink and red!,¡Un corazón es rosado y rojo!,Penny draws a heart for you!,¡Penny dibuja un corazón para ti!
hexagon,Hexagon! Six sides!,¡Hexágono! ¡Seis lados!,A hexagon has six sides!,¡Un hexágono tiene seis lados!,Bees make hexagons in their home!,¡Las abejas hacen hexágonos en su casa!
octagon,Octagon! Eight sides!,¡Octágono! ¡Ocho lados!,A stop sign is an octagon — eight sides!,¡Una señal de alto es un octágono — ¡ocho lados!,Penny counts eight sides — octagon!,¡Penny cuenta ocho lados — ¡octágono!
cross,Cross! Like a plus sign!,¡Cruz! ¡Como un signo de más!,A cross has four arms!,¡Una cruz tiene cuatro brazos!,Penny draws a cross!,¡Penny dibuja una cruz!
rice,Rice! White and delicious!,¡Arroz! ¡Blanco y delicioso!,Rice is white and good for you!,¡El arroz es blanco y bueno para ti!,Penny eats rice every day!,¡Penny come arroz todos los días!
potatoes,Potatoes! Brown outside and white inside!,¡Papas! ¡Marrones por fuera y blancas por dentro!,Potatoes can be hot or cold!,¡Las papas pueden ser calientes o frías!,Penny loves potatoes with butter!,¡A Penny le encantan las papas con mantequilla!
beef,Beef! Brown and delicious!,¡Carne de res! ¡Marrón y deliciosa!,Beef is red meat from a cow!,¡La carne de res es carne roja de una vaca!,Penny loves beef for dinner!,¡A Penny le encanta la carne de res para cenar!
soup,Soup! Hot and good!,¡Sopa! ¡Caliente y rica!,Eat soup when you are sick!,¡Come sopa cuando estás enfermo!,Penny makes fish soup!,¡Penny hace sopa de pescado!
pasta,Pasta! Long and delicious!,¡Pasta! ¡Larga y deliciosa!,Pasta is long and white!,¡La pasta es larga y blanca!,Pasta is Penny's favorite food!,¡La pasta es la comida favorita de Penny!
salad,Salad! Green and healthy!,¡Ensalada! ¡Verde y saludable!,A salad has green and red vegetables!,¡Una ensalada tiene verduras verdes y rojas!,Penny eats a big green salad!,¡Penny come una gran ensalada verde!
sweet potatoes,Sweet potatoes! Orange and sweet!,¡Camotes! ¡Anaranjados y dulces!,Sweet potatoes are orange inside!,¡Los camotes son anaranjados por dentro!,Penny loves sweet potatoes!,¡A Penny le encantan los camotes!
tea,Tea! Hot and warm!,¡Té! ¡Caliente y calientito!,Tea is brown and hot!,¡El té es marrón y caliente!,Penny drinks hot tea every morning!,¡Penny toma té caliente cada mañana!
lemonade,Lemonade! Yellow and sweet!,¡Limonada! ¡Amarilla y dulce!,Lemonade is cold and yellow!,¡La limonada es fría y amarilla!,Penny drinks lemonade in the summer!,¡Penny toma limonada en el verano!
steak,Steak! Brown and delicious!,¡Bistec! ¡Marrón y delicioso!,A steak is a big piece of beef!,¡Un bistec es un gran trozo de carne de res!,Penny eats a big steak for dinner!,¡Penny come un gran bistec para cenar!
lasagna,Lasagna! Hot and with cheese!,¡Lasaña! ¡Caliente y con queso!,Lasagna has pasta and cheese and sauce!,¡La lasaña tiene pasta y queso y salsa!,Penny loves lasagna!,¡A Penny le encanta la lasaña!
lentils,Lentils! Small and healthy!,¡Lentejas! ¡Pequeñas y saludables!,Lentils are small and brown!,¡Las lentejas son pequeñas y marrones!,Penny eats lentil soup!,¡Penny come sopa de lentejas!
turkey,Turkey! Brown and big!,¡Pavo! ¡Marrón y grande!,A turkey is a big brown bird!,¡Un pavo es un ave grande y marrón!,Penny eats turkey on big holidays!,¡Penny come pavo en las grandes fiestas!
cocoa,Cocoa! Hot chocolate!,¡Cacao! ¡Chocolate caliente!,Hot cocoa is brown and sweet!,¡El cacao caliente es marrón y dulce!,Penny drinks cocoa when it is cold!,¡Penny toma cacao cuando hace frío!
wine,Wine! That is for big people!,¡Vino! ¡Eso es para los grandes!,Wine is red or white — only for adults!,¡El vino es rojo o blanco — solo para adultos!,Penny does not drink wine!,¡Penny no toma vino!
beans,Beans! Black or red or white!,¡Frijoles! ¡Negros o rojos o blancos!,Beans are small and good for you!,¡Los frijoles son pequeños y buenos para ti!,Penny loves black beans!,¡A Penny le encantan los frijoles negros!
tuna,Tuna! Gray and from the ocean!,¡Atún! ¡Gris y del océano!,Tuna is a big gray fish!,¡El atún es un pez gris grande!,Tuna is Penny's second favorite fish!,¡El atún es el segundo pez favorito de Penny!
broccoli,Broccoli! Green like a little tree!,¡Brócoli! ¡Verde como un pequeño árbol!,Broccoli is green and good for you!,¡El brócoli es verde y bueno para ti!,Penny eats broccoli every day!,¡Penny come brócoli todos los días!
onions,Onions! White and strong!,¡Cebollas! ¡Blancas y fuertes!,Onions make you cry when you cut them!,¡Las cebollas te hacen llorar cuando las cortas!,Penny cries when she cuts onions!,¡Penny llora cuando corta cebollas!
carrots,Carrots! Orange and crunchy!,¡Zanahorias! ¡Anaranjadas y crujientes!,Carrots are orange and good for your eyes!,¡Las zanahorias son anaranjadas y buenas para los ojos!,Penny eats carrots every day!,¡Penny come zanahorias todos los días!
tomatoes,Tomatoes! Red and juicy!,¡Tomates! ¡Rojos y jugosos!,Tomatoes are red and round!,¡Los tomates son rojos y redondos!,Penny loves red tomatoes!,¡A Penny le encantan los tomates rojos!
corn,Corn! Yellow and sweet!,¡Maíz! ¡Amarillo y dulce!,Corn is yellow and grows tall!,¡El maíz es amarillo y crece alto!,Penny loves yellow corn!,¡A Penny le encanta el maíz amarillo!
cucumbers,Cucumbers! Green and crunchy!,¡Pepinos! ¡Verdes y crujientes!,Cucumbers are long and green!,¡Los pepinos son largos y verdes!,Penny eats cold cucumbers!,¡Penny come pepinos fríos!
lettuce,Lettuce! Green and crunchy!,¡Lechuga! ¡Verde y crujiente!,Lettuce is green and goes in salads!,¡La lechuga es verde y va en las ensaladas!,Penny puts lettuce on everything!,¡Penny le pone lechuga a todo!
peppers,Peppers! Red or green or yellow!,¡Pimientos! ¡Rojos o verdes o amarillos!,Peppers come in red and green and yellow!,¡Los pimientos vienen en rojo y verde y amarillo!,Penny's favorite pepper is red!,¡El pimiento favorito de Penny es rojo!
garlic,Garlic! White and strong!,¡Ajo! ¡Blanco y fuerte!,Garlic is white and very strong!,¡El ajo es blanco y muy fuerte!,Penny puts garlic in all her food!,¡Penny le pone ajo a toda su comida!
spinach,Spinach! Dark green and healthy!,¡Espinaca! ¡Verde oscura y saludable!,Spinach is dark green and good for you!,¡La espinaca es verde oscura y buena para ti!,Penny eats spinach to swim fast!,¡Penny come espinaca para nadar rápido!
cabbage,Cabbage! Round and green!,¡Repollo! ¡Redondo y verde!,Cabbage is round and light green!,¡El repollo es redondo y verde claro!,Penny puts cabbage in her soup!,¡Penny pone repollo en su sopa!
beets,Beets! Purple and sweet!,¡Remolacha! ¡Morada y dulce!,Beets are purple and round!,¡La remolacha es morada y redonda!,Penny loves purple beets!,¡A Penny le encanta la remolacha morada!
peas,Peas! Small and green!,¡Guisantes! ¡Pequeños y verdes!,Peas are small and green and round!,¡Los guisantes son pequeños y verdes y redondos!,Penny eats peas with every meal!,¡Penny come guisantes con cada comida!
green beans,Green beans! Long and green!,¡Ejotes! ¡Largos y verdes!,Green beans are long and thin!,¡Los ejotes son largos y delgados!,Penny eats green beans for dinner!,¡Penny come ejotes para cenar!
